{
  "K_values": [
    3.0,
    5.0,
    7.0,
    10.0,
    13.0,
    17.0,
    20.0,
    25.0,
    30.0,
    36.0
  ],
  "plateau_anisotropy": {
    "3": 17673.116111613646,
    "5": 11708.297747610133,
    "7": 10921.491262506437,
    "10": 10758.879203868904,
    "13": 12622.629699456464,
    "17": 11065.476676026437,
    "20": 12143.143409556904,
    "25": 17103.69063790187,
    "30": 14945.299481056014,
    "36": 17644.52618842287
  },
  "plateau_anisotropy_std": {
    "3": 11581.13692725948,
    "5": 12481.937550150642,
    "7": 15163.67830685265,
    "10": 15835.613896336838,
    "13": 13091.378923828132,
    "17": 12553.837789249885,
    "20": 16337.803141182629,
    "25": 18038.757071946355,
    "30": 21115.47931678669,
    "36": 18277.524673229174
  },
  "plateau_lambda_max": {
    "3": 9.834054629007975,
    "5": 5.897665882110596,
    "7": 4.908079004287719,
    "10": 4.585859203338623,
    "13": 3.331598234176636,
    "17": 3.33407883644104,
    "20": 2.8344284296035767,
    "25": 2.6234424114227295,
    "30": 3.021317720413208,
    "36": 0.9523683488368988
  },
  "plateau_lambda_min": {
    "3": 0.0009450912475585938,
    "5": 0.0018754005432128906,
    "7": 0.38562836647033694,
    "10": 0.45645837783813475,
    "13": 0.0014881610870361329,
    "17": 0.9439119815826416,
    "20": 0.6908693313598633,
    "25": 0.3685728907585144,
    "30": 0.8006304264068603,
    "36": 0.8902445733547211
  },
  "taus": {
    "3": 450,
    "5": 900,
    "7": 1050,
    "10": 1900,
    "13": 2050,
    "17": 3300,
    "20": 3950,
    "25": 5100,
    "30": 6900,
    "36": 11200
  },
  "scaling": {
    "gamma": 0.05805170032725619,
    "r2_gamma": 0.05237675767539707,
    "alpha": 1.2150472179045944,
    "r2_alpha": 0.9820111501216819,
    "beta": 1.3404394220065436,
    "r2_beta": 0.07689812860140488,
    "exp_lmax": -0.6794951740949237,
    "exp_lmin": 2.6369061143042956,
    "match": "NO",
    "direct": "NO"
  }
}